{"state":{"isStdErrTTY":true,"testRunDurationMs":30682.718,"isStdOutTTY":true},"metrics":{"iteration_duration":{"type":"trend","contains":"time","values":{"max":1374.100958,"p(90)":1117.9450752999999,"p(95)":1188.3913725999994,"avg":1087.415356516072,"min":1059.686334,"med":1071.5317915}},"http_req_duration{expected_response:true}":{"type":"trend","contains":"time","values":{"min":59.105,"med":70.0735,"max":370.448,"p(90)":116.98190000000001,"p(95)":187.0127499999997,"avg":85.96748249999987}},"data_received":{"type":"counter","contains":"data","values":{"count":417200,"rate":13597.230858100642}},"vus_max":{"type":"gauge","contains":"default","values":{"value":100,"min":100,"max":100}},"http_req_connecting":{"type":"trend","contains":"time","values":{"max":3.299,"p(90)":0,"p(95)":0,"avg":0.10271607142857146,"min":0,"med":0}},"http_req_tls_handshaking":{"type":"trend","contains":"time","values":{"min":0,"med":0,"max":0,"p(90)":0,"p(95)":0,"avg":0}},"vus":{"type":"gauge","contains":"default","values":{"value":100,"min":100,"max":100}},"http_req_sending":{"type":"trend","contains":"time","values":{"med":0.019,"max":9.534,"p(90)":0.04,"p(95)":0.05804999999999988,"avg":0.03497214285714324,"min":0.003}},"http_req_waiting":{"type":"trend","contains":"time","values":{"min":59.02,"med":69.917,"max":370.419,"p(90)":116.8472,"p(95)":186.82994999999968,"avg":85.84136821428565}},"http_req_duration":{"type":"trend","contains":"time","values":{"max":370.448,"p(90)":116.98190000000001,"p(95)":187.0127499999997,"avg":85.96748249999987,"min":59.105,"med":70.0735}},"checks":{"type":"rate","contains":"default","values":{"rate":1,"passes":2800,"fails":0}},"iterations":{"type":"counter","contains":"default","values":{"count":2800,"rate":91.25658294027276}},"http_req_receiving":{"type":"trend","contains":"time","values":{"avg":0.09114214285714277,"min":0.008,"med":0.053,"max":12.561,"p(90)":0.124,"p(95)":0.1910499999999999}},"http_req_blocked":{"values":{"avg":0.11456249999999715,"min":0,"med":0.007,"max":6.074,"p(90)":0.013,"p(95)":0.03404999999999988},"type":"trend","contains":"time"},"http_reqs":{"type":"counter","contains":"default","values":{"count":2800,"rate":91.25658294027276}},"http_req_failed":{"type":"rate","contains":"default","values":{"rate":0,"passes":0,"fails":2800}},"data_sent":{"values":{"count":235200,"rate":7665.552966982912},"type":"counter","contains":"data"}},"root_group":{"id":"d41d8cd98f00b204e9800998ecf8427e","groups":[],"checks":[{"name":"status was 200","path":"::status was 200","id":"1461660757a913d4fb82ac4c5e1009de","passes":2800,"fails":0}],"name":"","path":""},"options":{"noColor":false,"summaryTrendStats":["avg","min","med","max","p(90)","p(95)"],"summaryTimeUnit":""}}